,dice,iou,sensitivity,precision
mean,0.5425368878165947,0.420153684194157,0.6298384183040471,0.5899380675398167
std,0.06872629214090767,0.059653597548019355,0.028050939390124492,0.0763882824300672
