fold,dice,iou,sensitivity,precision
0,0.5730753244672351,0.4547191463301389,0.6046895649769958,0.6405445732487156
1,0.48321775942173356,0.38245217027644746,0.544452513600591,0.6247288329064776
2,0.6146599211863109,0.4773312400494303,0.6285303989691394,0.6785458722284862
3,0.520243574905645,0.3925710220392739,0.5318694721731171,0.6766926648555637
4,0.5721929072277215,0.4557882343124362,0.5819123144232052,0.6846084986150058
