fold,dice,iou,sensitivity,precision
0,0.6203462120389392,0.4961783569147234,0.6584485457152933,0.6855453419264685
1,0.43668858088401935,0.33532307746723916,0.6326533991643042,0.47296145448013444
2,0.5761124333979997,0.438508012553002,0.6321781908827169,0.6091874712094834
3,0.5240776235562018,0.3944539426414986,0.5834140655355686,0.5994719139660725
4,0.5554595892058133,0.43630503139432186,0.6424978902223526,0.5825241561169244
