,dice,iou,sensitivity,precision
mean,0.5626209131489057,0.4408438838360538,0.6038425739859734,0.6395177911036607
std,0.047023677088098056,0.04024629097303335,0.03757322150641239,0.03431533536924713
