fold,dice,iou,sensitivity,precision
0,0.6201124711981315,0.4959257077085629,0.6320917578162374,0.7051532893932168
1,0.48132838156414004,0.37615914211016865,0.5918720217330798,0.5578626982072176
2,0.5973643051726477,0.46116227411798066,0.6552370885653155,0.6215642465012414
3,0.5297624085705109,0.40108768026479463,0.5904596680501043,0.6062479357588882
4,0.5289214144315026,0.40775379531151157,0.6626424605025577,0.5336346607538439
