fold,dice,iou,sensitivity,precision
0,0.6079345830694844,0.48743518008007763,0.6385183783399092,0.692987593636299
1,0.495809904885353,0.39367268551911894,0.5649380674303105,0.6050142235482303
2,0.5967805200389453,0.4612219927566392,0.6122363134154252,0.6521816330296653
3,0.5330430580806226,0.40381607705562955,0.56399838677561,0.6238596511952597
4,0.5795364996701232,0.4580734837688033,0.6395217239686124,0.623545854108849
