,dice,iou,sensitivity,precision
mean,0.5386844820364459,0.4212034464033014,0.5847778090516759,0.6364136047148697
std,0.088365770200444,0.07746599202511538,0.1076718586889065,0.052274921062703754
