fold,dice,iou,sensitivity,precision
0,0.21706281134476854,0.20403300825231552,0.3960784273385178,0.5293610433645742
1,0.20724517802760004,0.1934304842562494,0.3090591601966632,0.5514881816540129
2,0.1470190729695937,0.13188617162434715,0.2577050711201599,0.3358167904042449
3,0.13169804389571999,0.10769892409482464,0.41332573032935394,0.32522281504742656
4,0.17027599648631703,0.16120823358216566,0.3677139589743197,0.25335699594193245
