,dice,iou,sensitivity,precision
mean,0.13183650941160566,0.11584861475058732,0.36002758001318746,0.3216738268918195
std,0.027767467367644228,0.02949755146469298,0.0865474856437846,0.11722390244577717
