,dice,iou,sensitivity,precision
mean,0.5526778974417292,0.43257236260154536,0.5782908528286097,0.6610240883708498
std,0.051272209713970986,0.04226391713002962,0.04041657075771492,0.026671603410919394
