,dice,iou,sensitivity,precision
mean,0.5339457876801774,0.4172173360437979,0.6282458318058396,0.5837146560326476
std,0.10541382936667426,0.08483551242620876,0.04489822018636078,0.14683667716919815
