,dice,iou,sensitivity,precision
mean,0.5514977961873866,0.4284177199026037,0.6264605993334589,0.6048925661228816
std,0.05638611777276724,0.04882218257967336,0.03413707701940637,0.06637298422160678
