,dice,iou,sensitivity,precision
mean,0.17466022054479985,0.15965136436198046,0.3487764695918029,0.39904916528243817
std,0.03704309059393375,0.04056829141854199,0.06448677201124141,0.13312936444538476
