fold,dice,iou,sensitivity,precision
0,0.14320458170410905,0.12946186736211307,0.43037186526816473,0.4158273608566307
1,0.14790715594774648,0.13556401670824425,0.3680748226556217,0.3784701364419719
2,0.16127704302193796,0.14516090318643454,0.26750348888527364,0.30488804560292726
3,0.09309492876477513,0.07799934837437461,0.2768491377048596,0.3841936943603818
4,0.11369883761945962,0.09105693812177014,0.45733858555201773,0.1249898971971858
